<?xml version="1.0" encoding="UTF-8" standalone="no"?>
<AutomatedInstallation langpack="eng">
    <com.izforge.izpack.panels.htmlhello.HTMLHelloPanel id="welcome"/>
    <com.izforge.izpack.panels.knime.ExtendedJDKPathPanel id="jdk_path">
        <jdkPath>/usr/lib/jvm/java-11-openjdk</jdkPath>
        <jdkVarName>jdkPath</jdkVarName>
    </com.izforge.izpack.panels.knime.ExtendedJDKPathPanel>
    <com.izforge.izpack.panels.target.TargetPanel id="install_dir">
        <installpath>/home/knime/knime_server</installpath>
    </com.izforge.izpack.panels.target.TargetPanel>
    <com.izforge.izpack.panels.userinput.UserInputPanel id="KNIME Executor Installation Panel">
        <entry key="variable.knime.izpack.executor.type" value="no_executor"/>
    </com.izforge.izpack.panels.userinput.UserInputPanel>
    <com.izforge.izpack.panels.userinput.UserInputPanel id="KNIME Server Workflow Repository">
        <entry key="variable.knime.izpack.workflow.repository" value="/home/knime/knime_server/workflow_repository"/>
    </com.izforge.izpack.panels.userinput.UserInputPanel>
    <com.izforge.izpack.panels.userinput.UserInputPanel id="KNIME Server License File">
        <entry key="variable.knime.izpack.file.license" value=""/>
    </com.izforge.izpack.panels.userinput.UserInputPanel>
    <com.izforge.izpack.panels.userinput.UserInputPanel id="KNIME Server Ports and Memory Settings">
        <entry key="variable.knime.izpack.port.https" value="8443"/>
        <entry key="variable.knime.izpack.port.http" value="8080"/>
    </com.izforge.izpack.panels.userinput.UserInputPanel>
    <com.izforge.izpack.panels.userinput.UserInputPanel id="KNIME Server Mount Point and Context Root">
        <entry key="variable.knime.izpack.server.contextroot" value="knime"/>
        <entry key="variable.knime.izpack.server.mountpoint" value="knime-server"/>
    </com.izforge.izpack.panels.userinput.UserInputPanel>
    <com.izforge.izpack.panels.userinput.UserInputPanel id="KNIME Server Admin">
        <entry key="variable.knime.izpack.admin.user" value="knimeadmin"/>
        <entry key="variable.knime.izpack.admin.pass" value="knime"/>
    </com.izforge.izpack.panels.userinput.UserInputPanel>
    <com.izforge.izpack.panels.userinput.UserInputPanel id="KNIME Server Email Resource">
        <entry key="variable.knime.izpack.email.setup" value="false"/>
    </com.izforge.izpack.panels.userinput.UserInputPanel>
    <com.izforge.izpack.panels.install.InstallPanel id="panel.install.tomee"/>
    <com.izforge.izpack.panels.process.ProcessPanel id="panel.process.tomee"/>
    <com.izforge.izpack.panels.htmlhello.HTMLHelloPanel id="goodbye"/>
    <com.izforge.izpack.panels.finish.FinishPanel id="finish"/>
</AutomatedInstallation>
